Wavelength,AUS1,ICE1,KUW1,NIG1,SAH1,OAH1,SAN1
300,0.018010781,0.012648501,0.006442334,0.009514716,0.007446877,0.028818295,0.028445828
301,0.018078764,0.012624818,0.006370971,0.009492979,0.007414841,0.028889545,0.028178318
302,0.018146002,0.012588524,0.0062895,0.009475935,0.007384312,0.028964264,0.027925816
303,0.018208488,0.012544091,0.006200847,0.009465518,0.007354426,0.029020611,0.027682381
304,0.018241133,0.012484203,0.006119933,0.009464433,0.007321908,0.029064077,0.027424143
305,0.018251049,0.012400986,0.006047773,0.009468033,0.00729188,0.029094537,0.02716081
306,0.018266777,0.012304366,0.005997868,0.009467311,0.007265816,0.029103212,0.026886398
307,0.018281406,0.01220906,0.005956245,0.009462653,0.007240699,0.029099684,0.02659434
308,0.01830176,0.012123867,0.005922244,0.00945355,0.007219172,0.029100146,0.026298697
309,0.018346333,0.012059535,0.005882097,0.009434038,0.007202303,0.029091815,0.026018805
310,0.018411272,0.012019408,0.00583849,0.009413895,0.00718568,0.029083378,0.025756629
311,0.018466065,0.011992231,0.005780559,0.009399158,0.007167179,0.029076712,0.025502948
312,0.018508966,0.011963172,0.005724739,0.009386722,0.00715477,0.02907522,0.025254524
313,0.018550109,0.011930554,0.005668076,0.009378443,0.007144324,0.029077449,0.024993505
314,0.018571074,0.011889448,0.005616926,0.009377786,0.007133169,0.029098557,0.024707407
315,0.01856934,0.011835377,0.005569917,0.00937433,0.007122428,0.029130958,0.024402175
316,0.018567386,0.011773235,0.005534242,0.00936478,0.007111656,0.029179328,0.024106774
317,0.018580112,0.011725524,0.005497048,0.009351084,0.00708753,0.029241532,0.023791351
318,0.018589693,0.011686038,0.005462308,0.009327729,0.007052813,0.029310434,0.023485149
319,0.018610082,0.011656895,0.005425435,0.009296445,0.007012356,0.029369785,0.023214229
320,0.018647637,0.011656839,0.005384661,0.009263166,0.006967174,0.029422768,0.022959305
321,0.018688961,0.011684606,0.005327096,0.009231505,0.006917644,0.029458319,0.022720184
322,0.018715897,0.011706724,0.005260351,0.009199866,0.006876067,0.029475113,0.022544451
323,0.018736157,0.011718058,0.005179704,0.00917591,0.006838843,0.029477448,0.022412957
324,0.018751564,0.011717036,0.005094339,0.009159,0.006804396,0.029483325,0.022281049
325,0.018762932,0.01167615,0.005004249,0.00914981,0.00677305,0.029490435,0.022173771
326,0.018772809,0.011598392,0.004930543,0.009146949,0.006748018,0.029500363,0.022061985
327,0.018788608,0.011515081,0.004870752,0.009149865,0.006724358,0.029517272,0.021933604
328,0.018807789,0.011444908,0.004831383,0.009153492,0.006709447,0.029545769,0.021761328
329,0.018818224,0.011396856,0.004797326,0.009154178,0.006703627,0.029567753,0.02158268
330,0.018812343,0.011387041,0.004774943,0.009149424,0.006705992,0.029578601,0.021370055
331,0.018798039,0.011409145,0.004744668,0.009136808,0.006713732,0.02959375,0.021136279
332,0.018771208,0.011456431,0.004704553,0.009121326,0.00672037,0.029601057,0.020874373
333,0.018746863,0.011510569,0.004647875,0.009107229,0.006717112,0.029593645,0.020649462
334,0.018744078,0.011551509,0.004587157,0.009096803,0.006701079,0.029587663,0.020441568
335,0.01877101,0.011574494,0.004520082,0.009092401,0.006672167,0.029593609,0.020277803
336,0.018818527,0.011584927,0.004457698,0.009096425,0.00662902,0.029600275,0.020163595
337,0.018897134,0.011559868,0.004407783,0.009103799,0.006586182,0.029622676,0.020082773
338,0.018986226,0.011513356,0.00437763,0.009108918,0.006549545,0.029668684,0.019970415
339,0.01906549,0.011461417,0.004363247,0.009112469,0.006523048,0.029728109,0.019818673
340,0.019132323,0.01140592,0.004356763,0.009114452,0.006508113,0.029795141,0.019591003
341,0.019189495,0.011349682,0.004355293,0.009115166,0.006508468,0.029872516,0.019280495
342,0.019228974,0.011322112,0.00434835,0.009112988,0.006512556,0.029953739,0.018924296
343,0.019257488,0.011303354,0.004329897,0.009111054,0.006515122,0.030024607,0.018573525
344,0.019280936,0.011289315,0.004305223,0.009109457,0.006511164,0.030086064,0.01827069
345,0.019298365,0.011280235,0.004275129,0.009103544,0.006496728,0.030136159,0.018057125
346,0.019308992,0.011271305,0.004238216,0.009095191,0.006469325,0.030173548,0.017954324
347,0.019318258,0.011247597,0.004203387,0.009088326,0.006431565,0.03019478,0.017936068
348,0.019331115,0.011231592,0.004169129,0.00908202,0.006392531,0.030213329,0.017966254
349,0.019354045,0.011228826,0.004126004,0.009075272,0.006357944,0.030240304,0.017996964
350,0.019387139,0.011237536,0.004085124,0.009071165,0.00633324,0.030289257,0.01801429
351,0.019433078,0.011255914,0.004050088,0.009060467,0.006319762,0.030358058,0.017980887
352,0.019483982,0.01128498,0.004017062,0.00904392,0.006320773,0.030452596,0.017897158
353,0.019536352,0.011314541,0.003988473,0.009021052,0.006328637,0.030561835,0.01776922
354,0.019585153,0.011329102,0.003968717,0.008991201,0.006338031,0.030670564,0.017620547
355,0.019628856,0.011330128,0.003952101,0.008953234,0.006344947,0.030758058,0.017439127
356,0.019665539,0.011321486,0.003935807,0.008920951,0.006347035,0.030823281,0.017259447
357,0.019697969,0.011305015,0.003911795,0.008896689,0.006339541,0.030857453,0.017092379
358,0.019726869,0.011282256,0.003891266,0.008886202,0.00632361,0.030872161,0.016954518
359,0.019754675,0.011270081,0.003877089,0.008891983,0.006303979,0.030865948,0.016844162
360,0.01978518,0.011271448,0.003867185,0.008920215,0.006280826,0.030850989,0.016772891
361,0.019815548,0.011286494,0.003860164,0.008958555,0.006260126,0.03083699,0.016734721
362,0.019851324,0.011316821,0.003867281,0.008997115,0.006250868,0.030837903,0.016725978
363,0.019885652,0.011360216,0.003866883,0.009027532,0.006253371,0.030855821,0.016732146
364,0.019908335,0.011409244,0.003855441,0.00904854,0.006264931,0.030900964,0.016754287
365,0.019915808,0.011455695,0.003836143,0.009049928,0.006286067,0.030981464,0.016786934
366,0.019907176,0.01150306,0.003807825,0.009039447,0.006309364,0.031087045,0.016800624
367,0.019874555,0.011551,0.003772424,0.009027806,0.006321234,0.031199142,0.016794825
368,0.019830967,0.011599751,0.003748157,0.009019212,0.006325406,0.031295224,0.016781771
369,0.019794252,0.011646871,0.003733609,0.009012326,0.006325585,0.031377823,0.016756199
370,0.019769745,0.011699639,0.003718777,0.009014622,0.006323195,0.031422787,0.016719039
371,0.019765581,0.011740144,0.003712121,0.009022824,0.006315924,0.031432488,0.016691863
372,0.019788607,0.011772023,0.003703322,0.009024094,0.006314043,0.031416492,0.016677322
373,0.019828803,0.011799709,0.003682129,0.009015923,0.006309439,0.031400852,0.016662308
374,0.019871892,0.011829217,0.003650511,0.008999943,0.00628894,0.03137995,0.016639539
375,0.019909382,0.011861225,0.003624765,0.008970472,0.006252284,0.03137428,0.016593547
376,0.019933685,0.011917017,0.003599083,0.008924844,0.006212529,0.031386909,0.016529571
377,0.019935937,0.011982656,0.003575583,0.00887555,0.006161879,0.031429329,0.016399252
378,0.019920375,0.012051915,0.0035571,0.008825039,0.00610793,0.031483585,0.016198133
379,0.0198867,0.012112895,0.003545547,0.00877361,0.006068313,0.031540651,0.015941586
380,0.019839627,0.012157149,0.003526753,0.008724677,0.006041476,0.031589805,0.015662288
381,0.019779818,0.012179993,0.00349818,0.008683726,0.006017345,0.031623421,0.015354579
382,0.019714277,0.01219048,0.003467248,0.008644634,0.006003312,0.031618394,0.015098263
383,0.019645816,0.012187592,0.003434558,0.008605175,0.005994563,0.031590092,0.014908709
384,0.019579607,0.012186026,0.003396478,0.008562977,0.005980209,0.0315522,0.014772728
385,0.019515998,0.012187669,0.00336066,0.008519357,0.00596178,0.031512755,0.014673025
386,0.019459213,0.012180935,0.003327798,0.008472613,0.005939504,0.031478251,0.01460846
387,0.019407715,0.012168207,0.003292844,0.008426575,0.005910293,0.031465498,0.014534356
388,0.019351512,0.012154687,0.003255609,0.008385038,0.005877103,0.031458094,0.014450044
389,0.019296259,0.012135404,0.003216392,0.008349166,0.005843969,0.031448126,0.014367388
390,0.019243741,0.012120223,0.003173534,0.008317291,0.005811508,0.031429243,0.014272748
391,0.019191235,0.012121332,0.003129659,0.008287174,0.00578296,0.031403261,0.014163865
392,0.019139761,0.012132542,0.003085394,0.008255303,0.00575901,0.031362111,0.014057547
393,0.019100018,0.012153485,0.003041533,0.008218949,0.005739374,0.031317267,0.013940142
394,0.019058326,0.012175871,0.003004113,0.008178455,0.005723239,0.031270366,0.013804712
395,0.019015175,0.012193172,0.002971837,0.008135135,0.005706122,0.031228525,0.013675289
396,0.018971351,0.012198618,0.002947288,0.00809349,0.005685234,0.031186548,0.013557635
397,0.018929808,0.012200324,0.002926392,0.008055626,0.005661259,0.031145393,0.013439539
398,0.018886912,0.012196779,0.00290789,0.008025634,0.005633196,0.031100999,0.013339447
399,0.01885382,0.012201733,0.002887448,0.008006861,0.005601236,0.031054787,0.013267609
400,0.018824507,0.0122126,0.00286667,0.007997169,0.005568559,0.031000251,0.013213038
401,0.018801227,0.012233199,0.00284154,0.007991817,0.005540544,0.030940469,0.013174464
402,0.018773691,0.012255755,0.002816789,0.007989514,0.005513512,0.030881696,0.013159379
403,0.018743166,0.012281098,0.002794034,0.007982531,0.005486705,0.030827338,0.013152978
404,0.018705262,0.012299064,0.002771293,0.007964716,0.005460442,0.030777676,0.013140058
405,0.018663817,0.012312157,0.002749625,0.007938922,0.005435896,0.03073665,0.013119364
406,0.018611541,0.012310336,0.002728307,0.007908583,0.005405973,0.030701885,0.013083356
407,0.0185605,0.012297299,0.002710615,0.00787368,0.005376403,0.03066535,0.013022994
408,0.018507195,0.012271106,0.002694323,0.007837629,0.005351282,0.030618691,0.012934068
409,0.018453059,0.012239469,0.002681831,0.007805376,0.005328375,0.030560606,0.012821552
410,0.018400645,0.01220095,0.002671177,0.007773217,0.005309713,0.030486081,0.01268135
411,0.018359106,0.012174146,0.002665219,0.007739018,0.005299485,0.03040168,0.012521731
412,0.018318473,0.012158704,0.002656295,0.007705404,0.005290243,0.03031006,0.01235393
413,0.01828194,0.012158962,0.002645017,0.007676929,0.005276265,0.030223849,0.012191673
414,0.018247398,0.012165356,0.002628299,0.007647348,0.005262521,0.030141597,0.012039485
415,0.01820875,0.012180896,0.002605825,0.007618368,0.005243119,0.030064837,0.011912489
416,0.018159753,0.012193687,0.002574564,0.007591031,0.005217829,0.029983601,0.011813701
417,0.018106741,0.01220358,0.002539173,0.007560928,0.005194592,0.029898866,0.011732722
418,0.018044946,0.012209444,0.002501518,0.007520471,0.005176513,0.029798541,0.011665898
419,0.017979438,0.012218374,0.0024661,0.007479458,0.005158021,0.029690586,0.011609019
420,0.017913678,0.012230284,0.002434028,0.007438117,0.005142385,0.029578996,0.01154862
421,0.017848445,0.01224355,0.002406218,0.007393876,0.00512854,0.029475656,0.011474102
422,0.017783413,0.012260099,0.002380559,0.007349696,0.005111748,0.029379362,0.011397448
423,0.017726963,0.01227242,0.002354087,0.007310237,0.005092486,0.02929475,0.01132261
424,0.017669956,0.01227357,0.002326244,0.007267391,0.005073628,0.029211705,0.011250958
425,0.017613426,0.012259577,0.002298493,0.007221386,0.005053774,0.029124618,0.011192497
426,0.017562575,0.012236284,0.002273989,0.007177561,0.00503341,0.029024493,0.011154037
427,0.017509712,0.012200956,0.002252278,0.00713584,0.005014123,0.028916383,0.011121384
428,0.017447503,0.012161866,0.002235666,0.007096287,0.004995545,0.028798434,0.011082196
429,0.017384201,0.01213211,0.002219742,0.007061336,0.004975345,0.02867936,0.0110416
430,0.017318348,0.012114853,0.002198102,0.007030611,0.004954918,0.02856485,0.010979969
431,0.017240438,0.012107842,0.002169255,0.006998831,0.004933167,0.028453646,0.010892455
432,0.017161684,0.012106536,0.002136507,0.006964221,0.004907873,0.028339018,0.010792049
433,0.017082174,0.012108267,0.002099638,0.006926414,0.004877334,0.028224335,0.010689991
434,0.016996888,0.012101843,0.002064193,0.006884404,0.004846628,0.028101247,0.010577379
435,0.016906065,0.012086519,0.002040748,0.006840489,0.004815016,0.027963158,0.010481023
436,0.016819665,0.012061823,0.002027666,0.006797941,0.004785374,0.02781443,0.010406876
437,0.016733104,0.012035367,0.002024332,0.006757699,0.004759436,0.027661833,0.010343664
438,0.016651569,0.012008664,0.002032504,0.006719718,0.004739896,0.027498759,0.01028709
439,0.01657739,0.01198174,0.002050113,0.00668769,0.004721067,0.027333066,0.010239508
440,0.016510228,0.011951733,0.002068136,0.006657233,0.004703037,0.027174539,0.01018689
441,0.016444686,0.011918624,0.002084815,0.006626633,0.004684234,0.027021376,0.01012993
442,0.016376318,0.011884068,0.002097758,0.006598137,0.004665967,0.026870962,0.010074564
443,0.016301741,0.011844223,0.002100793,0.006569477,0.004646389,0.02673345,0.010025505
444,0.016224011,0.01180663,0.002091104,0.006536284,0.004626903,0.026604714,0.009982385
445,0.016145577,0.011779685,0.002070001,0.00650123,0.004608482,0.026474644,0.009946026
446,0.01606665,0.011764364,0.002044198,0.006466426,0.004588621,0.026345866,0.009906188
447,0.015996176,0.011753487,0.002012759,0.006429226,0.004565131,0.026218719,0.009871778
448,0.015936533,0.01174986,0.001982957,0.00639422,0.004538315,0.026085347,0.009825167
449,0.015884975,0.011745248,0.001957093,0.006364511,0.004511838,0.025947282,0.009771174
450,0.015841061,0.01172978,0.001940255,0.006341223,0.004484106,0.025815031,0.009712811
451,0.015809082,0.011703924,0.001924117,0.006321778,0.004458611,0.025686602,0.009664171
452,0.015782749,0.011668442,0.001911686,0.006309111,0.004437736,0.025564392,0.009601813
453,0.015762482,0.011625074,0.00189686,0.006299706,0.004421363,0.025452156,0.009551681
454,0.01574938,0.011579192,0.001879977,0.006291776,0.004404998,0.025348326,0.009505581
455,0.015735947,0.011536991,0.001857248,0.006282318,0.004391204,0.025247541,0.00945614
456,0.015717847,0.011495098,0.001836164,0.006272641,0.004378261,0.025152158,0.009387699
457,0.01569749,0.011458713,0.001817554,0.006256876,0.004363419,0.025054904,0.009326068
458,0.015670217,0.011422986,0.001803231,0.006235153,0.004347887,0.024957258,0.009251248
459,0.01563412,0.011386528,0.0017955,0.006209632,0.004335471,0.024863476,0.009178375
460,0.015604299,0.011347391,0.001793099,0.006182291,0.004322486,0.024771899,0.009108792
461,0.015581796,0.011310218,0.001792379,0.006154857,0.004311051,0.024678023,0.009050641
462,0.015564243,0.011272281,0.001788228,0.006132602,0.004302171,0.024588733,0.008988107
463,0.015552361,0.011239457,0.001784538,0.006115748,0.004295076,0.024502055,0.008934753
464,0.01554278,0.011209346,0.001776748,0.006101649,0.00428628,0.024412373,0.00887
465,0.015519362,0.011178296,0.001767434,0.006090273,0.004278519,0.024321376,0.008804788
466,0.015481648,0.0111453,0.001757207,0.006079729,0.004269259,0.024234304,0.008750395
467,0.015431374,0.011109729,0.001751335,0.00607016,0.004258789,0.024148882,0.008709827
468,0.01537234,0.011067072,0.00174517,0.00606188,0.004244691,0.024061772,0.008674065
469,0.015311971,0.011025168,0.00174017,0.006055088,0.004228505,0.023974521,0.008661978
470,0.015259097,0.01099136,0.001736986,0.006048555,0.004210347,0.023892137,0.008664136
471,0.015216728,0.010961533,0.001733239,0.006040785,0.004190332,0.023810884,0.008664139
472,0.015184309,0.010936372,0.001727589,0.006028301,0.004168851,0.023731002,0.008665618
473,0.01516228,0.01092039,0.001722663,0.006012284,0.004151482,0.023656373,0.008666783
474,0.015148007,0.01090565,0.00171838,0.00599559,0.004137792,0.023590485,0.00865079
475,0.015143646,0.01088799,0.00170956,0.005978303,0.004125316,0.023522135,0.008620027
476,0.015141395,0.010872804,0.001701703,0.005960559,0.004113702,0.023455465,0.008575626
477,0.015141771,0.01086198,0.001690788,0.00594295,0.004102812,0.023389655,0.008514457
478,0.015139036,0.010849988,0.001675667,0.005924165,0.004087425,0.023322615,0.008450199
479,0.015131858,0.010839817,0.001658881,0.00589973,0.004069921,0.023247539,0.008397239
480,0.015110526,0.010832118,0.001646272,0.00587228,0.004053238,0.023171916,0.008355057
481,0.015083437,0.010822925,0.001630671,0.005846565,0.004040136,0.02308776,0.0083261
482,0.015046916,0.010808543,0.001617853,0.005823671,0.004029222,0.022992671,0.008309507
483,0.015005345,0.010791049,0.001610127,0.005805419,0.004022792,0.022891612,0.008290337
484,0.014956827,0.010766263,0.001604303,0.005794318,0.004015993,0.02279014,0.008265185
485,0.01490903,0.010735736,0.001599555,0.005785818,0.004006722,0.022686391,0.008231017
486,0.014856547,0.010703917,0.00160389,0.005773589,0.003994052,0.022587458,0.008196387
487,0.014803052,0.010671629,0.001615424,0.005757787,0.003979187,0.02250032,0.008162198
488,0.014748206,0.010641277,0.001626755,0.005732982,0.00396204,0.022415011,0.008128401
489,0.014693993,0.010621277,0.001638337,0.005701552,0.003947751,0.022331253,0.008092182
490,0.014638296,0.010608909,0.00164443,0.005666953,0.00393619,0.022252389,0.008054636
491,0.014586164,0.010600249,0.001638341,0.005632362,0.003925351,0.022176739,0.008008779
492,0.01454105,0.010596968,0.001616622,0.005597728,0.00391542,0.022095326,0.007956335
493,0.014499224,0.010595175,0.001589333,0.005569199,0.003905595,0.022019954,0.007914375
494,0.014460109,0.010585077,0.001559285,0.005543309,0.00389284,0.021947542,0.007870755
495,0.014424741,0.010562498,0.001535318,0.005518247,0.003879341,0.021871321,0.00783561
496,0.014385341,0.010526358,0.001519437,0.005496103,0.00386783,0.021789031,0.007808175
497,0.014334301,0.01047689,0.001514641,0.005476644,0.003858603,0.021705155,0.007788142
498,0.014277837,0.010415339,0.001516385,0.005457462,0.003853471,0.021611416,0.007758784
499,0.014218976,0.010352888,0.001519439,0.005438669,0.003852519,0.021507488,0.007739728
500,0.014153137,0.010300212,0.001516565,0.005422867,0.003852668,0.021400653,0.007717908
501,0.014089063,0.010260729,0.001507373,0.005405565,0.003850768,0.021291952,0.007693204
502,0.014032149,0.010234106,0.00149265,0.005387215,0.003844999,0.021183703,0.007658259
503,0.013975081,0.010222042,0.001469051,0.005366779,0.00383229,0.021077245,0.007618865
504,0.013914163,0.010215518,0.001442922,0.005344948,0.003814814,0.020974926,0.00757339
505,0.0138558,0.010205601,0.001418756,0.005318351,0.003795708,0.02087082,0.007524502
506,0.013797042,0.01019176,0.001399507,0.005290756,0.003776559,0.02076781,0.007474266
507,0.013734678,0.010172402,0.001386244,0.00526097,0.00375907,0.020664963,0.007435572
508,0.01367821,0.010145538,0.001382923,0.005233757,0.00374559,0.02056546,0.007408805
509,0.013628885,0.010115337,0.001383771,0.00520863,0.003733139,0.020469478,0.007381193
510,0.013584835,0.010087968,0.001387017,0.00518758,0.003718972,0.020380478,0.007361136
511,0.013541991,0.010065676,0.001390315,0.005168014,0.003704395,0.020295613,0.007348626
512,0.013501904,0.010048979,0.001388953,0.005151197,0.003688167,0.020209613,0.007333902
513,0.013455542,0.010042156,0.001383651,0.005129809,0.003671117,0.020118739,0.007313623
514,0.013403334,0.010041627,0.001379982,0.005106851,0.003655887,0.020021481,0.007297814
515,0.013344347,0.01004203,0.001379034,0.005083596,0.00364447,0.019914861,0.007272076
516,0.013283287,0.010035478,0.001378927,0.005061287,0.003634918,0.019796002,0.007228807
517,0.013219596,0.010020887,0.001382762,0.005038588,0.003627557,0.019670187,0.007175093
518,0.013157775,0.00998921,0.001387644,0.005018758,0.00361683,0.01953928,0.007119517
519,0.013098083,0.0099433,0.001387368,0.004997522,0.003599715,0.01940491,0.007060145
520,0.013036992,0.009888202,0.001376849,0.004970214,0.00357531,0.019269158,0.007012219
521,0.012971305,0.009830349,0.001361673,0.004937656,0.003545309,0.019139102,0.006988576
522,0.012903009,0.009772597,0.001341477,0.004901577,0.003512874,0.01901117,0.006981455
523,0.012831898,0.009726349,0.001319001,0.004866279,0.003485341,0.018885061,0.00697991
524,0.012755773,0.009693892,0.001298605,0.004833494,0.003466629,0.018760285,0.006983597
525,0.012682728,0.009668669,0.001286368,0.004807481,0.003457534,0.018640264,0.006983462
526,0.012617701,0.009651158,0.001277649,0.004788336,0.003455486,0.018521296,0.006972117
527,0.012556481,0.009640136,0.001273995,0.004775156,0.003455591,0.018406085,0.006952484
528,0.012497892,0.009627035,0.001271349,0.004761834,0.003454152,0.018294877,0.006927941
529,0.012442232,0.009605825,0.001269779,0.004750245,0.00344863,0.018181047,0.006891705
530,0.012381766,0.009582793,0.001266323,0.004738249,0.003437395,0.018057185,0.006843712
531,0.012304805,0.009551653,0.001262466,0.004719668,0.003421816,0.01792001,0.00678592
532,0.012215555,0.009510915,0.001254997,0.00469386,0.003402947,0.017769834,0.006716629
533,0.012114653,0.009464197,0.001248593,0.004663302,0.003379511,0.017608096,0.006636272
534,0.012004883,0.009415011,0.00123944,0.004626111,0.00335281,0.017448228,0.006553202
535,0.011892696,0.009359522,0.001230931,0.004584443,0.003325499,0.017293625,0.00647049
536,0.011793619,0.00930271,0.001216336,0.004547429,0.003298809,0.0171449,0.006387698
537,0.011704326,0.00924406,0.001196278,0.004515274,0.003275786,0.016998537,0.006317493
538,0.011621578,0.009176629,0.001167925,0.004485998,0.003260703,0.016850313,0.006265322
539,0.011543053,0.009096929,0.001137063,0.004457942,0.003253737,0.016684458,0.006234171
540,0.011460307,0.009006019,0.001101011,0.004428763,0.003249911,0.016502699,0.006223605
541,0.011362206,0.008901788,0.001074946,0.004395112,0.003248622,0.016313284,0.006225993
542,0.011249325,0.008787042,0.00106132,0.004357203,0.003247256,0.016120251,0.006226729
543,0.011128897,0.008673733,0.001061979,0.004319978,0.003241883,0.015926656,0.00622077
544,0.011000394,0.008568609,0.001070419,0.004288854,0.003227423,0.015745037,0.006199678
545,0.010870134,0.008474267,0.001086187,0.004266816,0.003209257,0.015572413,0.006165838
546,0.010746213,0.008390491,0.001097919,0.004250839,0.003186835,0.015398557,0.006133237
547,0.010630777,0.008314992,0.001101686,0.004241118,0.003161277,0.015215139,0.006100138
548,0.010516901,0.008237084,0.001095785,0.004234159,0.003134111,0.015019968,0.00606524
549,0.010405292,0.008150024,0.00108328,0.00422323,0.003112644,0.014805651,0.006034923
550,0.010297331,0.008049178,0.001064136,0.004203905,0.003094227,0.014571127,0.005997262
551,0.010182275,0.007943699,0.001040057,0.004179745,0.003079593,0.014320734,0.005945068
552,0.010055686,0.007831191,0.001017869,0.004153714,0.003066575,0.014069402,0.005886846
553,0.009919812,0.007720006,0.000997584,0.004122948,0.003054259,0.013819096,0.005830995
554,0.009776476,0.007615578,0.000980767,0.004091477,0.003038674,0.013577358,0.005768969
555,0.009622067,0.00751672,0.000968103,0.004062058,0.003021097,0.013352555,0.005712403
556,0.009467566,0.007408708,0.000960027,0.004033604,0.00299953,0.013146425,0.005669159
557,0.009321447,0.007301561,0.000950738,0.004000315,0.002976836,0.012947375,0.005639719
558,0.009187441,0.007190949,0.000941966,0.003968799,0.002955174,0.012756154,0.005616998
559,0.009063669,0.007073007,0.000934396,0.003939251,0.002935803,0.012566889,0.005608499
560,0.008947438,0.006952154,0.000927713,0.003914508,0.002916326,0.012369923,0.005614403
561,0.008832512,0.006835504,0.000924013,0.003893776,0.002900125,0.012163162,0.005617664
562,0.008712816,0.006717364,0.000920198,0.003879996,0.002885635,0.011952441,0.005615101
563,0.008582144,0.006594954,0.000916532,0.00386886,0.00287053,0.011739164,0.005594886
564,0.008440797,0.006470712,0.000908095,0.003859352,0.002854498,0.011522136,0.005552381
565,0.008296358,0.006348344,0.000896832,0.003844227,0.002840736,0.011306746,0.005488297
566,0.008152761,0.006228471,0.000878914,0.003825794,0.002826136,0.011100466,0.005415487
567,0.008008334,0.006107275,0.000863676,0.003804368,0.002809199,0.01089765,0.005332996
568,0.007865237,0.00599035,0.000845289,0.003779499,0.002791738,0.010695177,0.005264728
569,0.007724681,0.005880598,0.000828315,0.003750397,0.002773647,0.010504248,0.005218219
570,0.007582107,0.005774348,0.000811679,0.003723901,0.002752799,0.010328152,0.005174567
571,0.007433528,0.005669169,0.00080017,0.003698082,0.002730823,0.010154088,0.00512596
572,0.007287403,0.005571284,0.000786281,0.003671899,0.002713015,0.009988952,0.005074865
573,0.00714892,0.00548334,0.000779849,0.003649563,0.002698252,0.009835209,0.005004017
574,0.007015427,0.005398973,0.000778468,0.003632984,0.002686393,0.009683631,0.004908052
575,0.006892203,0.005319002,0.000778234,0.003617924,0.00267796,0.009526068,0.004817631
576,0.006783502,0.005253642,0.000776515,0.003603969,0.002672935,0.009371399,0.004752296
577,0.006676546,0.005200492,0.000779449,0.003594461,0.002666217,0.009218114,0.004709439
578,0.006565302,0.005148806,0.00077725,0.003586927,0.002658339,0.009066188,0.004704304
579,0.006457272,0.005103897,0.000769996,0.0035778,0.002648891,0.008911522,0.004743138
580,0.006345552,0.005058143,0.00076311,0.00357159,0.00263785,0.008760176,0.004808169
581,0.006228101,0.004997223,0.00075735,0.003569694,0.002624925,0.008611856,0.004868711
582,0.006119273,0.004918889,0.000747334,0.00356596,0.00261141,0.008463848,0.004930367
583,0.006024196,0.004836205,0.000740426,0.003556798,0.00259824,0.008315386,0.00497769
584,0.005931101,0.004742765,0.000740081,0.003545169,0.002586637,0.008178207,0.004991454
585,0.005842192,0.004648643,0.000745451,0.003523487,0.002576484,0.008051912,0.004976584
586,0.005754151,0.004562578,0.000752024,0.00349125,0.002565625,0.007935399,0.00495866
587,0.005656663,0.004489989,0.00076295,0.003453901,0.002556065,0.007829389,0.004927122
588,0.005542571,0.004420916,0.000776853,0.003416706,0.002544837,0.007730684,0.004892801
589,0.005423486,0.004363864,0.000786832,0.00338182,0.002531469,0.007631421,0.00488073
590,0.005301814,0.004313041,0.000789781,0.003357673,0.002516862,0.007526026,0.004878512
591,0.005184131,0.004264113,0.000792813,0.003344644,0.002506969,0.00741205,0.004879045
592,0.005076617,0.00421275,0.00078914,0.003339476,0.002498661,0.007291947,0.004898384
593,0.004986463,0.004163512,0.00077455,0.003339934,0.002494943,0.007178211,0.004922769
594,0.004909276,0.004109768,0.000757797,0.003341742,0.002494401,0.007074843,0.004936496
595,0.004844211,0.004062436,0.00073996,0.003342537,0.002495862,0.006989486,0.00495428
596,0.004789882,0.004025053,0.000715212,0.003340438,0.002493505,0.006923455,0.004967161
597,0.004745212,0.003996876,0.000695051,0.003338859,0.002488124,0.006875984,0.004955349
598,0.004709458,0.003972776,0.000682201,0.003338043,0.002476499,0.006830438,0.00493353
599,0.004675931,0.003957316,0.000670961,0.003337973,0.002461719,0.006779799,0.004913207
600,0.004643596,0.003934997,0.000664723,0.003332046,0.002445949,0.006720434,0.004886994
601,0.004606526,0.003901036,0.000669015,0.003324147,0.002432751,0.006655517,0.004862863
602,0.004560057,0.003864126,0.000675823,0.003309662,0.002423089,0.006580568,0.004851829
603,0.004497646,0.003831948,0.000685081,0.00328845,0.002423005,0.006506639,0.004839043
604,0.004431431,0.003802696,0.000693799,0.003263239,0.002428304,0.006442059,0.004802656
605,0.004362767,0.003783674,0.000697632,0.003242552,0.002434322,0.006389641,0.00474365
606,0.004300444,0.00377898,0.000691796,0.003222687,0.002437446,0.006349084,0.004666705
607,0.00424802,0.003777143,0.000680077,0.003208245,0.002440035,0.006322346,0.004579816
608,0.004208531,0.003769535,0.000661856,0.003200454,0.002434553,0.006302655,0.0045017
609,0.004169982,0.003753801,0.000644855,0.003201663,0.002425,0.006281216,0.004453193
610,0.004133539,0.003729612,0.000631671,0.003209487,0.00241677,0.006254278,0.004437677
611,0.004089243,0.003697197,0.00062288,0.003225989,0.002415846,0.006213762,0.004438918
612,0.004037443,0.00366213,0.000615229,0.003245753,0.002415166,0.006160267,0.00444392
613,0.003984935,0.003637483,0.000613564,0.003265832,0.00242019,0.006097969,0.004452293
614,0.003941053,0.003628775,0.0006119,0.003277269,0.002428545,0.0060378,0.004462281
615,0.003900286,0.003632976,0.000608015,0.003279322,0.002435276,0.00597644,0.004474983
616,0.003872962,0.003647804,0.00060623,0.003270775,0.002431624,0.005921668,0.004508662
617,0.003857128,0.003667741,0.000603815,0.003257488,0.002424976,0.005875745,0.004560884
618,0.003843049,0.003675404,0.000595119,0.003244322,0.002415579,0.005839756,0.004598309
619,0.003829101,0.003665742,0.000583779,0.003238704,0.002406177,0.005801944,0.004612966
620,0.003816986,0.003646697,0.000574287,0.003236249,0.002401502,0.005771738,0.004599234
621,0.003797828,0.003618076,0.000561795,0.003237721,0.002409833,0.005742301,0.004538473
622,0.003773234,0.003592929,0.00055705,0.003238839,0.002424828,0.005718989,0.004443064
623,0.003751437,0.003585479,0.000557124,0.003232493,0.002442067,0.005697072,0.00435911
624,0.003726519,0.003590355,0.000561285,0.003216615,0.002456381,0.005686318,0.004281276
625,0.003699852,0.00359755,0.000563551,0.003199755,0.002464993,0.005675463,0.004213585
626,0.003677906,0.003605592,0.000566513,0.003180237,0.002462795,0.005671851,0.004178701
627,0.003659877,0.003596583,0.000562508,0.003160801,0.00245448,0.005658352,0.004175349
628,0.003633681,0.003562324,0.000561875,0.003150337,0.00244335,0.005642665,0.004166668
629,0.00360725,0.003513941,0.000563487,0.003148428,0.00243421,0.005619104,0.00417805
630,0.003580051,0.003459032,0.000569482,0.003146014,0.002429399,0.005597106,0.004205415
631,0.003551115,0.003400008,0.000579259,0.003147869,0.002430235,0.005580022,0.004233671
632,0.003519066,0.003351274,0.000592375,0.003151216,0.00243646,0.005577268,0.004239228
633,0.003497727,0.003320056,0.000598618,0.003145598,0.00244532,0.005575886,0.004253733
634,0.003478446,0.003307726,0.000596646,0.003131018,0.002452946,0.005576264,0.004253114
635,0.003462942,0.003306993,0.00059121,0.003117979,0.002452219,0.005577495,0.004243664
636,0.003445291,0.00332062,0.000581879,0.003099603,0.002446873,0.005565653,0.004223709
637,0.003429753,0.00334552,0.000568841,0.003079057,0.002433569,0.005545199,0.004232692
638,0.003413037,0.003368417,0.000559102,0.003067042,0.002416096,0.005527955,0.004237261
639,0.003398985,0.00337091,0.000559706,0.003066894,0.002398768,0.005513129,0.004253984
640,0.003391564,0.003358704,0.000564846,0.003068299,0.002389477,0.005491529,0.004281
641,0.003397574,0.003326791,0.000570885,0.003075931,0.002379679,0.005472765,0.004323593
642,0.003406604,0.003270005,0.000582346,0.003088737,0.002373164,0.005450479,0.004348758
643,0.003411367,0.00320594,0.000595201,0.00309924,0.002366812,0.005420436,0.004387197
644,0.003420923,0.003157713,0.000599325,0.003101281,0.00235684,0.005385004,0.004409201
645,0.003424362,0.003126597,0.000593896,0.003101,0.002341941,0.005356537,0.004399322
646,0.003419711,0.003114823,0.000591076,0.003093143,0.002330409,0.005335419,0.004356388
647,0.003422101,0.003123435,0.000585435,0.003073509,0.002320182,0.005322229,0.004297242
648,0.003434507,0.003136415,0.000579614,0.003046878,0.002311306,0.005316692,0.004197333
649,0.003438471,0.003137294,0.000579186,0.003018251,0.00230591,0.005318142,0.004087771
650,0.00343512,0.003124114,0.000588328,0.002985027,0.002302986,0.005318436,0.003990624
651,0.003422589,0.003099966,0.000587889,0.002953593,0.002299668,0.005307936,0.003907472
652,0.00338782,0.003068853,0.000581764,0.002929965,0.002294729,0.005291493,0.003833311
653,0.003331306,0.003045342,0.000567919,0.002908114,0.002291604,0.005264092,0.003779805
654,0.003269108,0.003040345,0.000551079,0.002887091,0.002290578,0.005229577,0.003738469
655,0.003209313,0.003046066,0.000532493,0.002867093,0.002292077,0.005187248,0.003700145
656,0.003156878,0.003057651,0.000532375,0.002850499,0.002294583,0.005151396,0.003666221
657,0.003119779,0.003077332,0.000549909,0.002835115,0.002302419,0.005113079,0.003638961
658,0.003103678,0.003089842,0.000582532,0.002829587,0.002313955,0.005082855,0.003617884
659,0.003099264,0.003082824,0.000616463,0.002831525,0.002327193,0.005053388,0.003600946
660,0.00310549,0.003074842,0.000645157,0.002843668,0.002335981,0.005032585,0.003594741
661,0.003116231,0.003064983,0.000657904,0.002858083,0.002342204,0.005013484,0.00359095
662,0.003126388,0.003042966,0.000653701,0.002874273,0.002341998,0.005003106,0.003598067
663,0.003126584,0.003024112,0.000638869,0.002886908,0.002336299,0.004998098,0.003613997
664,0.003119901,0.003025275,0.00062772,0.002899763,0.002326972,0.004998366,0.003628932
665,0.003102833,0.003024721,0.000626083,0.002909628,0.002326066,0.00499409,0.003630857
666,0.003076129,0.003020778,0.00062945,0.002922018,0.002333013,0.004984329,0.003634657
667,0.003046095,0.003029937,0.000635651,0.002934042,0.002350233,0.004975921,0.003615483
668,0.003026331,0.003045648,0.000640065,0.002942594,0.002368385,0.004962844,0.003584334
669,0.003025965,0.003053095,0.000635067,0.002946314,0.002386377,0.004955058,0.003567047
670,0.003037582,0.003064263,0.00061783,0.002947043,0.002395545,0.004963392,0.003565548
671,0.003061599,0.003091062,0.000597752,0.002938507,0.002394385,0.004984769,0.003564582
672,0.003088436,0.003104946,0.000578683,0.002933399,0.002378537,0.005006188,0.003585182
673,0.003102659,0.003095904,0.000565096,0.002938084,0.002360675,0.005034532,0.003615855
674,0.003082872,0.003075935,0.000555454,0.002948539,0.002341482,0.005061437,0.003634916
675,0.003048966,0.00305121,0.000548423,0.002965727,0.002321937,0.005072683,0.003652175
676,0.003007383,0.00301074,0.000541979,0.002995589,0.002302897,0.005081703,0.003677516
677,0.002966736,0.002991722,0.000536608,0.003018494,0.002289572,0.005089221,0.003706466
678,0.002928815,0.003009983,0.000529484,0.003030517,0.002279545,0.005088294,0.003728614
679,0.002914563,0.003045185,0.000528606,0.003033422,0.002269026,0.005077823,0.003744966
680,0.002898532,0.003071342,0.000539676,0.003025229,0.002259249,0.005066645,0.003747519
681,0.002874761,0.003092645,0.000557127,0.003005467,0.002253558,0.005029517,0.003720652
682,0.0028439,0.003074804,0.000577722,0.002983238,0.002249019,0.004970182,0.003652855
683,0.002820275,0.003009715,0.000594692,0.002960357,0.002237609,0.004897541,0.003566872
684,0.002787008,0.002919427,0.000600519,0.002940849,0.002228145,0.004811415,0.003472874
685,0.002771944,0.002842216,0.000587647,0.002920243,0.00222107,0.004720566,0.003377146
686,0.002771699,0.002774975,0.00056577,0.002897081,0.002215566,0.00465469,0.003314476
687,0.002780677,0.002742053,0.000533233,0.002880146,0.002212783,0.004615429,0.00329848
688,0.002778687,0.002742498,0.000503575,0.00286768,0.00222138,0.004595862,0.003323559
689,0.002785436,0.002769676,0.000481652,0.002857155,0.002233249,0.004605195,0.003382982
690,0.002782976,0.00279185,0.000472346,0.002858249,0.002249865,0.004628734,0.003457074
691,0.002785317,0.002808183,0.000464323,0.002869165,0.002262314,0.004654318,0.003505663
692,0.002791336,0.002809908,0.000462656,0.002876279,0.002269235,0.004681872,0.003536135
693,0.002820491,0.002804073,0.000461604,0.002878408,0.002267687,0.004711404,0.003531255
694,0.00285209,0.002787251,0.000455142,0.002877232,0.002260261,0.004734614,0.003489209
695,0.002885845,0.002774141,0.000448104,0.002864524,0.002243921,0.004760713,0.003456233
696,0.002903493,0.002774488,0.00044879,0.002842374,0.002229655,0.00478042,0.003455487
697,0.002907405,0.002779175,0.000457049,0.002818083,0.002224119,0.004793957,0.003453877
698,0.002885563,0.002781584,0.000465593,0.002801115,0.002225451,0.004806589,0.003461831
699,0.002852326,0.002784832,0.000484559,0.002786362,0.002233678,0.00482071,0.003484168
700,0.002814762,0.002781961,0.000496941,0.002779621,0.002246436,0.004819647,0.003472674
701,0.002779221,0.002766771,0.000497781,0.002783003,0.002259689,0.004806584,0.003426771
702,0.002745507,0.002754005,0.000481309,0.002795704,0.002262318,0.004779609,0.003392167
703,0.002717131,0.002742484,0.000460499,0.002804419,0.002257599,0.004738284,0.003377127
704,0.002686596,0.002723014,0.000428167,0.002815825,0.002246014,0.004680896,0.003378713
705,0.002646389,0.002711648,0.000406269,0.002824751,0.002235732,0.004630918,0.003418413
706,0.002602288,0.002701983,0.000400942,0.002823388,0.002226503,0.004605077,0.00347492
707,0.002561774,0.00269392,0.000418886,0.002808846,0.002226232,0.004593395,0.00351597
708,0.002520742,0.002689344,0.00044735,0.002786665,0.002230883,0.004581917,0.003529993
709,0.002490329,0.002700321,0.000487803,0.002749368,0.002241401,0.004574782,0.003521736
710,0.002479724,0.002703566,0.000527024,0.002700035,0.002251488,0.004559065,0.003478133
711,0.002489924,0.002707672,0.000562367,0.00264816,0.002260131,0.00451856,0.00342355
712,0.002509899,0.002702043,0.000589094,0.002598285,0.002264239,0.004477794,0.003365595
713,0.002553507,0.002691063,0.00061509,0.002560556,0.002273705,0.004468513,0.003328919
714,0.00260081,0.002672991,0.000629353,0.002546946,0.002284227,0.004479722,0.003311495
715,0.002646415,0.002661543,0.000631402,0.002561113,0.002299382,0.004516757,0.00332986
716,0.002676339,0.002649718,0.000611281,0.002602059,0.002322984,0.004583087,0.003374336
717,0.002696011,0.002637171,0.000573036,0.002668974,0.002355179,0.004650663,0.003435501
718,0.002693298,0.002622165,0.000518662,0.002742163,0.002377124,0.00468251,0.003484519
719,0.002690172,0.002608696,0.000462742,0.002804132,0.002397096,0.004696475,0.003490989
720,0.002692019,0.002589184,0.000415173,0.002852647,0.002408479,0.004682562,0.003452626
721,0.002723728,0.002578738,0.000389219,0.002876629,0.002406259,0.004632327,0.003377925
722,0.002782072,0.002586555,0.000384086,0.002877848,0.002389569,0.004566557,0.003290602
723,0.002860355,0.0026111,0.000384329,0.002867742,0.002377794,0.004514158,0.003194841
724,0.002935877,0.002629409,0.000398194,0.002861145,0.002355979,0.00445942,0.00317011
725,0.002993072,0.00265698,0.000412915,0.002853883,0.002332798,0.004416988,0.003197077
726,0.003000705,0.002671906,0.00042918,0.002854902,0.002310536,0.004416489,0.00326442
727,0.002960504,0.00266831,0.00043801,0.002858387,0.002293884,0.00445289,0.00334891
728,0.00288677,0.002646072,0.00046138,0.002864399,0.002272039,0.004503652,0.003455157
729,0.002796701,0.002635444,0.000480175,0.00286599,0.002262732,0.004578265,0.003502428
730,0.002708595,0.002619504,0.000497787,0.002860392,0.002260909,0.004663125,0.003522962
731,0.002639579,0.002613364,0.000511718,0.002853806,0.002264607,0.00471992,0.00351656
732,0.002594186,0.002623325,0.000536152,0.002843282,0.002268751,0.004738888,0.003498993
733,0.002567396,0.002648222,0.000558877,0.00282757,0.002276049,0.004739015,0.003471174
734,0.002557783,0.002670566,0.000585791,0.002813282,0.002277357,0.004720531,0.00345019
735,0.002555081,0.002699923,0.000624296,0.002811661,0.002274074,0.004692693,0.00340079
736,0.002561323,0.002735149,0.00065921,0.002812636,0.002274764,0.004681147,0.003336288
737,0.002571555,0.002774824,0.000678833,0.002826597,0.002282077,0.004703208,0.003262506
738,0.002583465,0.00282916,0.000681739,0.002850087,0.002295034,0.004743428,0.003191772
739,0.002587336,0.002902227,0.000666751,0.00287428,0.002311778,0.004783162,0.003172394
740,0.002589961,0.002987783,0.000629909,0.00289509,0.002334857,0.004813681,0.003228465
741,0.002594804,0.003078473,0.000586289,0.002910413,0.002351545,0.004822371,0.003331565
742,0.002604493,0.003162429,0.000552219,0.002912496,0.002357888,0.004798343,0.003461592
743,0.002619899,0.003225005,0.000539198,0.002913106,0.002357263,0.004744772,0.003586861
744,0.002653963,0.003253952,0.000549818,0.002914224,0.002356628,0.004689921,0.003643582
745,0.002697227,0.003244745,0.000572649,0.002909803,0.002345152,0.004647367,0.003635039
746,0.002730865,0.003205348,0.000616398,0.002910271,0.00232722,0.004618281,0.003604841
747,0.002746422,0.003154119,0.00066199,0.002919119,0.002309752,0.004598045,0.003561548
748,0.002747497,0.003085958,0.000686233,0.002920154,0.002293792,0.00460024,0.003535103
749,0.002728065,0.003025573,0.000690809,0.00292173,0.002273925,0.004607563,0.003566302
750,0.002701487,0.002996791,0.000696944,0.002926509,0.002262553,0.00461209,0.003627925
751,0.002693692,0.002980041,0.000678312,0.002923956,0.002269799,0.00463035,0.003676893
752,0.0027109,0.002950506,0.000643442,0.002913877,0.002289525,0.004661718,0.003688263
753,0.002744751,0.002922057,0.000625306,0.002905358,0.002308261,0.004692383,0.003643951
754,0.002786607,0.00288195,0.000618588,0.002882244,0.002325394,0.004728738,0.003517837
755,0.002825422,0.002792813,0.000605101,0.002849808,0.002338426,0.004764082,0.003341739
756,0.002835112,0.002691908,0.000613326,0.002814814,0.002335456,0.004775396,0.003146174
757,0.002824861,0.002601632,0.000635733,0.002774623,0.00232002,0.004784629,0.002981146
758,0.002808216,0.002523465,0.000641065,0.002728685,0.002314867,0.004799478,0.002868143
759,0.002797734,0.002448311,0.000634701,0.002696652,0.002323047,0.004813117,0.002834338
760,0.002792876,0.002419444,0.000627437,0.002674495,0.002339965,0.004837704,0.002849304
761,0.002811109,0.00239959,0.000594736,0.002661705,0.002368536,0.00488482,0.002902261
762,0.002840607,0.002381249,0.000552029,0.002667003,0.002406427,0.00492434,0.002946629
763,0.002861276,0.002368874,0.000516515,0.002692377,0.002431354,0.004947604,0.002959272
764,0.002863513,0.002374518,0.000486802,0.002721987,0.002443287,0.004960846,0.00293736
765,0.002852763,0.00235903,0.00046075,0.002747535,0.00244521,0.004960435,0.002914072
766,0.002822148,0.002362128,0.000462194,0.002762061,0.002438616,0.004940464,0.002879268
767,0.00276837,0.002398691,0.000480342,0.002756684,0.002427257,0.004931039,0.002875657
768,0.002714364,0.00244771,0.000507228,0.002721641,0.002425002,0.004931322,0.002902279
769,0.002666605,0.002505099,0.000530215,0.002665553,0.002428578,0.004935614,0.00291819
770,0.002622473,0.002600721,0.000552686,0.002608752,0.002432506,0.004931701,0.002895166
771,0.002590568,0.002687929,0.00054774,0.002562855,0.002433072,0.004923817,0.002852969
772,0.002588086,0.002724941,0.000518677,0.002527888,0.002424583,0.004876832,0.002763986
773,0.002600613,0.002733349,0.000478901,0.002515433,0.002400167,0.004810873,0.0026389
774,0.002630227,0.002719077,0.00045686,0.002522222,0.002367686,0.0047356,0.002535377
775,0.002671671,0.00265151,0.000438709,0.002529278,0.002337887,0.004672799,0.002468993
776,0.002702714,0.002555703,0.000444145,0.002532001,0.002318451,0.004636176,0.002420026
777,0.002700986,0.002488185,0.000462915,0.002537725,0.002311111,0.004659246,0.002387632
778,0.002685978,0.002430262,0.000480352,0.002541354,0.002322754,0.004721217,0.002401736
779,0.002659702,0.002383882,0.000478402,0.002543631,0.002341841,0.004805136,0.002420065
780,0.002635504,0.002381899,0.000463088,0.002559794,0.002363025,0.004893619,0.002444152
781,0.002638716,0.002437547,0.000427008,0.002583488,0.002381688,0.004955763,0.002482142
782,0.002689564,0.002502076,0.000385916,0.002604083,0.002406219,0.004979563,0.002549204
783,0.002753647,0.002594992,0.000335207,0.002623516,0.002427863,0.004962657,0.002575653
784,0.002819724,0.002685146,0.00027141,0.002642491,0.002454042,0.004927436,0.002572717
785,0.002879863,0.002754827,0.000202615,0.002644166,0.002481493,0.004875437,0.002499053
786,0.002924303,0.002775509,0.000138425,0.002641148,0.002504769,0.004829342,0.002388429
787,0.002941034,0.002771953,8.32328E-05,0.002643644,0.002508979,0.004777527,0.002249059
788,0.002953075,0.002730692,5.98884E-05,0.00264844,0.002501188,0.004732524,0.00215155
789,0.002959667,0.002703919,8.05736E-05,0.002649488,0.002477477,0.004689281,0.002119747
790,0.002964635,0.002704849,0.000146632,0.002658661,0.002436399,0.004657868,0.002230375
791,0.002964837,0.002743569,0.000252092,0.002670862,0.002391073,0.004637483,0.002407461
792,0.002973896,0.002810472,0.000377161,0.002669311,0.002356718,0.004639624,0.002597982
793,0.002983847,0.002892567,0.00050063,0.002653014,0.00232879,0.004675898,0.002755436
794,0.002998137,0.002951888,0.000607489,0.002639242,0.002312041,0.004737669,0.002856107
795,0.003013343,0.002952481,0.00068756,0.002625766,0.002329505,0.004814318,0.002851402
796,0.003036392,0.002906501,0.000720416,0.002593032,0.002365326,0.004896379,0.00280664
797,0.003031701,0.002829103,0.000698595,0.002574941,0.002402578,0.004993065,0.002782866
798,0.003006737,0.002760266,0.000636886,0.002578355,0.002444922,0.00508004,0.002780547
799,0.002980583,0.002702843,0.000537201,0.002575819,0.002498562,0.00513943,0.002805416
800,0.002955431,0.002687805,0.000408524,0.002568374,0.002525022,0.00517763,0.002858399
801,0.002915237,0.002705272,0.000280903,0.002587645,0.002539097,0.005202321,0.002889501
802,0.002895701,0.002739016,0.000198639,0.002593379,0.002551474,0.005198057,0.002877112
803,0.002883412,0.002740236,0.00014573,0.002581612,0.002556092,0.005166807,0.002842397
804,0.002842869,0.002710731,0.000127372,0.002578923,0.002533344,0.005146928,0.002753288
805,0.002767867,0.002666764,0.000136015,0.002581067,0.002506508,0.005137929,0.002625824
806,0.002677505,0.002608995,0.0001712,0.002568673,0.002464194,0.005136506,0.00250054
807,0.002573611,0.002517497,0.000190679,0.002567647,0.002421934,0.005142103,0.002362397
808,0.002484913,0.002444613,0.000213024,0.00257962,0.002386159,0.005155332,0.002234921
809,0.002447557,0.002413571,0.000248114,0.002589709,0.002370078,0.005155581,0.002179112
810,0.002459049,0.00238856,0.000288824,0.002605142,0.002371118,0.005142997,0.002140842
811,0.002514674,0.002371474,0.000312897,0.002624213,0.002398349,0.005111825,0.002154486
812,0.002590384,0.002429755,0.000328291,0.002638324,0.002419517,0.005058917,0.002251319
813,0.002660791,0.002523979,0.000325289,0.002640537,0.002442293,0.005006401,0.002358104
814,0.00271233,0.002628646,0.000296537,0.002635114,0.002469215,0.00496378,0.002441145
815,0.00275514,0.002747282,0.000264222,0.002611565,0.002507401,0.004936977,0.002583385
816,0.0027932,0.002869748,0.000230559,0.002580981,0.002548959,0.004939109,0.002686497
817,0.002853372,0.00293251,0.000212904,0.002548303,0.002606968,0.004969053,0.002717253
818,0.002935596,0.002935925,0.000208222,0.002524125,0.002655919,0.00500324,0.002754066
819,0.003018604,0.002887384,0.000208432,0.002502115,0.002685064,0.005010245,0.002785858
820,0.003110505,0.002815875,0.000192758,0.002494032,0.002673642,0.004973441,0.002783773
821,0.003199292,0.002726904,0.000183591,0.002507892,0.002630083,0.004886918,0.002818756
822,0.003271891,0.00264243,0.000164085,0.002537323,0.002550758,0.004806233,0.002895982
823,0.003339113,0.002588386,0.000147644,0.002566815,0.002460834,0.004744996,0.002956114
824,0.003431359,0.002552182,0.000150623,0.002614579,0.002374846,0.004747104,0.003025955
825,0.00353755,0.002498106,0.000173452,0.002676076,0.002316772,0.00480803,0.003096034
826,0.003663631,0.002440726,0.000191133,0.002719422,0.002279835,0.004932377,0.003155839
827,0.003769872,0.002383764,0.000218609,0.002744075,0.002281555,0.005035221,0.003214442
828,0.00384257,0.002319934,0.000226143,0.002779515,0.002310657,0.005101096,0.003333241
829,0.003857721,0.002271275,0.000192196,0.002808881,0.002344884,0.005098682,0.003503157
830,0.003789936,0.002263577,0.000142383,0.002820094,0.002378159,0.005062239,0.003667814
831,0.003624608,0.002283316,0.000112714,0.002835857,0.002412046,0.004965449,0.003796685
832,0.003440036,0.002329565,9.79552E-05,0.002872558,0.002441918,0.004847362,0.003864113
833,0.003259708,0.002375772,0.000140179,0.002891563,0.00247241,0.004724421,0.003782317
834,0.003088554,0.002429207,0.000254833,0.002890033,0.00253171,0.004635288,0.003529554
835,0.002984415,0.002475862,0.000414932,0.00288813,0.002583989,0.004567782,0.003190588
836,0.002986991,0.002509691,0.000567383,0.002903962,0.002627701,0.004580137,0.002740809
837,0.003050671,0.002531139,0.000680813,0.002915709,0.002658505,0.004687483,0.00231482
838,0.003135487,0.002568924,0.000714888,0.002941756,0.002670289,0.004884547,0.002041771
839,0.003273984,0.002597816,0.000652386,0.003000252,0.002642174,0.005116411,0.001944858
840,0.003413945,0.002629159,0.00049808,0.003069599,0.002631894,0.005346963,0.002009697
841,0.003514415,0.002715165,0.000285734,0.003097233,0.002644889,0.005513078,0.002380904
842,0.003566709,0.002804278,6.47732E-05,0.003099657,0.002659463,0.005584433,0.002834226
843,0.003611506,0.002895571,0.00001,0.003081481,0.002674498,0.005579911,0.003183652
844,0.003609537,0.002980614,0.00001,0.003025121,0.002701499,0.005530065,0.003415745
845,0.003565611,0.002999602,0.00001,0.00296137,0.002702912,0.005487001,0.003558836
846,0.003469872,0.002904861,0.00001,0.002913418,0.002671192,0.005500472,0.003464604
847,0.003341185,0.002740742,0.00001,0.002876204,0.002637721,0.00558184,0.003295849
848,0.003158375,0.002505054,0.00001,0.002850655,0.002603033,0.00570854,0.003243199
849,0.002937207,0.002209916,0.00001,0.002834444,0.002555197,0.005884612,0.003156108
850,0.002820397,0.002059852,0.00001,0.002830478,0.002547094,0.005982171,0.003202774